{
  [
    "time": 1618518004,
    "sensor_id": 1,
    "input": [
               "voltage_1": 304.506622,
               "current_1": 2.844574,
               "power_1": 866.191528,
               "voltage_2": 302.308868,
               "current_2": 2.888076,
               "power_2": 873.091003
             ],
    "grid": [
              "voltage": 233.888977,
              "current": 7.155008,
              "power": 1687.964111,
              "frequency": 49.997002
            ],
    "stats": [
               "efficiency": 97.0,
               "inverter_temp": 43.141850,
               "booster_temp": 39.591328,
               "total_energy": 46353.912
             ],
    "state": [
               "global": "Run",
               "inverter": "Run",
               "channel_1": "MPPT",
               "channel_2": "MPPT",
               "alarm": "No Alarm"
             ],
    "extended": [
                  "Vbulk": 371.053436,
                  "Riso": 12.943206
                ] 
  ]
}
