{
  "time": 1618518004000,
  "sensor_id": 1,
  "live": {
            "voltage_1": 304.506622,
            "current_1": 2.844574,
            "power_1": 866.191528,
            "voltage_2": 302.308868,
            "current_2": 2.888076,
            "power_2": 873.091003,
            "grid_voltage": 233.888977,
            "grid_current": 7.155008,
            "grid_power": 1687.964111,
            "grid_frequency": 49.997002,
            "inverter_temp": 43.141850,
            "booster_temp": 39.591328,
            "total_energy": 46353.912,
            "Vbulk": 371.053436,
            "Riso": 12.943206
  },
  "state": {
             "global": "Run",
             "inverter": "Run",
             "channel_1": "MPPT",
             "channel_2": "MPPT",
             "alarm": "No Alarm"
  }
}
